Changes made at Sat Aug  9 05:58:18 UTC 2025
Changes made at Thu Nov 20 14:17:20 UTC 2025
Changes made at Thu Nov 20 14:23:09 UTC 2025
Changes made at Thu Nov 20 16:30:04 UTC 2025
Changes made at Fri Nov 21 08:31:47 UTC 2025
Changes made at Fri Nov 21 10:23:50 UTC 2025
Changes made at Fri Nov 21 14:21:43 UTC 2025
Changes made at Fri Nov 21 16:27:53 UTC 2025
Changes made at Sat Nov 22 08:27:24 UTC 2025
Changes made at Sat Nov 22 10:21:21 UTC 2025
Changes made at Sat Nov 22 14:18:32 UTC 2025
Changes made at Sat Nov 22 16:25:45 UTC 2025
Changes made at Sun Nov 23 08:27:37 UTC 2025
Changes made at Sun Nov 23 10:21:17 UTC 2025
Changes made at Sun Nov 23 14:18:44 UTC 2025
Changes made at Sun Nov 23 16:25:49 UTC 2025
Changes made at Mon Nov 24 08:32:58 UTC 2025
Changes made at Mon Nov 24 10:26:42 UTC 2025
Changes made at Mon Nov 24 14:23:39 UTC 2025
Changes made at Mon Nov 24 16:26:18 UTC 2025
Changes made at Tue Nov 25 08:31:58 UTC 2025
Changes made at Tue Nov 25 10:27:22 UTC 2025
Changes made at Tue Nov 25 14:23:46 UTC 2025
Changes made at Tue Nov 25 16:31:28 UTC 2025
Changes made at Wed Nov 26 08:31:24 UTC 2025
Changes made at Wed Nov 26 10:26:20 UTC 2025
Changes made at Wed Nov 26 14:24:16 UTC 2025
Changes made at Wed Nov 26 16:29:58 UTC 2025
Changes made at Thu Nov 27 08:31:57 UTC 2025
Changes made at Thu Nov 27 10:26:02 UTC 2025
Changes made at Thu Nov 27 14:22:58 UTC 2025
Changes made at Thu Nov 27 16:28:31 UTC 2025
Changes made at Fri Nov 28 08:31:33 UTC 2025
Changes made at Fri Nov 28 10:25:37 UTC 2025
Changes made at Fri Nov 28 14:22:44 UTC 2025
Changes made at Fri Nov 28 16:28:26 UTC 2025
Changes made at Sat Nov 29 08:28:37 UTC 2025
Changes made at Sat Nov 29 10:22:15 UTC 2025
Changes made at Sat Nov 29 14:19:24 UTC 2025
Changes made at Sat Nov 29 16:26:37 UTC 2025
Changes made at Sun Nov 30 08:27:05 UTC 2025
Changes made at Sun Nov 30 10:21:45 UTC 2025
Changes made at Sun Nov 30 14:19:31 UTC 2025
Changes made at Sun Nov 30 16:26:44 UTC 2025
Changes made at Mon Dec  1 08:35:09 UTC 2025
Changes made at Mon Dec  1 10:27:45 UTC 2025
Changes made at Mon Dec  1 14:26:00 UTC 2025
Changes made at Mon Dec  1 16:32:26 UTC 2025
Changes made at Tue Dec  2 08:33:56 UTC 2025
Changes made at Tue Dec  2 10:26:48 UTC 2025
Changes made at Tue Dec  2 14:25:59 UTC 2025
Changes made at Tue Dec  2 16:33:24 UTC 2025
Changes made at Wed Dec  3 08:32:53 UTC 2025
Changes made at Wed Dec  3 10:27:45 UTC 2025
Changes made at Wed Dec  3 14:25:19 UTC 2025
Changes made at Wed Dec  3 16:33:49 UTC 2025
Changes made at Thu Dec  4 08:33:11 UTC 2025
Changes made at Thu Dec  4 10:27:36 UTC 2025
Changes made at Thu Dec  4 14:25:29 UTC 2025
Changes made at Thu Dec  4 16:34:11 UTC 2025
Changes made at Fri Dec  5 08:31:43 UTC 2025
Changes made at Fri Dec  5 10:25:29 UTC 2025
Changes made at Fri Dec  5 14:24:14 UTC 2025
Changes made at Fri Dec  5 16:29:54 UTC 2025
Changes made at Sat Dec  6 08:28:18 UTC 2025
Changes made at Sat Dec  6 10:22:15 UTC 2025
Changes made at Sat Dec  6 14:19:12 UTC 2025
Changes made at Sat Dec  6 16:26:38 UTC 2025
Changes made at Sun Dec  7 08:27:38 UTC 2025
Changes made at Sun Dec  7 10:21:10 UTC 2025
Changes made at Sun Dec  7 14:19:52 UTC 2025
Changes made at Sun Dec  7 16:25:46 UTC 2025
Changes made at Mon Dec  8 08:35:00 UTC 2025
Changes made at Mon Dec  8 10:27:32 UTC 2025
Changes made at Mon Dec  8 14:26:25 UTC 2025
Changes made at Mon Dec  8 16:32:07 UTC 2025
Changes made at Tue Dec  9 08:33:52 UTC 2025
Changes made at Tue Dec  9 10:28:33 UTC 2025
Changes made at Tue Dec  9 14:26:00 UTC 2025
Changes made at Tue Dec  9 16:31:13 UTC 2025
Changes made at Wed Dec 10 08:33:07 UTC 2025
Changes made at Wed Dec 10 10:28:33 UTC 2025
Changes made at Wed Dec 10 14:26:50 UTC 2025
Changes made at Wed Dec 10 16:31:52 UTC 2025
Changes made at Thu Dec 11 08:33:39 UTC 2025
Changes made at Thu Dec 11 10:28:16 UTC 2025
Changes made at Thu Dec 11 14:24:39 UTC 2025
Changes made at Thu Dec 11 16:34:47 UTC 2025
Changes made at Fri Dec 12 08:33:42 UTC 2025
Changes made at Fri Dec 12 10:27:36 UTC 2025
Changes made at Fri Dec 12 14:21:39 UTC 2025
Changes made at Fri Dec 12 16:29:39 UTC 2025
Changes made at Sat Dec 13 08:28:49 UTC 2025
Changes made at Sat Dec 13 10:22:47 UTC 2025
Changes made at Sat Dec 13 14:20:15 UTC 2025
Changes made at Sat Dec 13 16:27:20 UTC 2025
Changes made at Sun Dec 14 08:29:13 UTC 2025
Changes made at Sun Dec 14 10:22:59 UTC 2025
Changes made at Sun Dec 14 14:20:10 UTC 2025
Changes made at Sun Dec 14 16:27:06 UTC 2025
Changes made at Mon Dec 15 08:36:09 UTC 2025
Changes made at Mon Dec 15 10:30:08 UTC 2025
Changes made at Mon Dec 15 14:28:10 UTC 2025
Changes made at Mon Dec 15 16:35:10 UTC 2025
Changes made at Tue Dec 16 08:34:27 UTC 2025
Changes made at Tue Dec 16 10:28:58 UTC 2025
Changes made at Tue Dec 16 14:27:51 UTC 2025
Changes made at Tue Dec 16 16:33:32 UTC 2025
Changes made at Wed Dec 17 08:34:27 UTC 2025
Changes made at Wed Dec 17 10:27:51 UTC 2025
Changes made at Wed Dec 17 14:26:30 UTC 2025
Changes made at Wed Dec 17 16:33:20 UTC 2025
Changes made at Thu Dec 18 08:33:48 UTC 2025
Changes made at Thu Dec 18 10:29:33 UTC 2025
Changes made at Thu Dec 18 14:26:11 UTC 2025
Changes made at Thu Dec 18 16:34:23 UTC 2025
Changes made at Fri Dec 19 08:33:31 UTC 2025
Changes made at Fri Dec 19 10:26:49 UTC 2025
Changes made at Fri Dec 19 14:25:00 UTC 2025
Changes made at Fri Dec 19 16:30:31 UTC 2025
Changes made at Sat Dec 20 08:29:04 UTC 2025
Changes made at Sat Dec 20 10:22:35 UTC 2025
Changes made at Sat Dec 20 14:20:12 UTC 2025
Changes made at Sat Dec 20 16:27:40 UTC 2025
Changes made at Sun Dec 21 08:29:36 UTC 2025
Changes made at Sun Dec 21 10:23:17 UTC 2025
Changes made at Sun Dec 21 14:20:41 UTC 2025
Changes made at Sun Dec 21 16:27:18 UTC 2025
Changes made at Mon Dec 22 08:34:21 UTC 2025
Changes made at Mon Dec 22 10:26:21 UTC 2025
Changes made at Mon Dec 22 14:24:49 UTC 2025
Changes made at Mon Dec 22 16:30:27 UTC 2025
Changes made at Tue Dec 23 08:33:40 UTC 2025
Changes made at Tue Dec 23 10:27:11 UTC 2025
Changes made at Tue Dec 23 14:24:23 UTC 2025
Changes made at Tue Dec 23 16:31:21 UTC 2025
Changes made at Wed Dec 24 08:33:34 UTC 2025
Changes made at Wed Dec 24 10:25:39 UTC 2025
Changes made at Wed Dec 24 14:22:30 UTC 2025
Changes made at Wed Dec 24 16:29:34 UTC 2025
Changes made at Thu Dec 25 08:32:04 UTC 2025
Changes made at Thu Dec 25 10:25:44 UTC 2025
Changes made at Thu Dec 25 14:23:05 UTC 2025
Changes made at Thu Dec 25 16:29:39 UTC 2025
Changes made at Fri Dec 26 08:32:00 UTC 2025
Changes made at Fri Dec 26 10:25:29 UTC 2025
Changes made at Fri Dec 26 14:23:11 UTC 2025
Changes made at Fri Dec 26 16:28:01 UTC 2025
Changes made at Sat Dec 27 08:30:20 UTC 2025
Changes made at Sat Dec 27 10:23:21 UTC 2025
Changes made at Sat Dec 27 14:20:52 UTC 2025
Changes made at Sat Dec 27 16:27:48 UTC 2025
Changes made at Sun Dec 28 08:30:36 UTC 2025
Changes made at Sun Dec 28 10:23:41 UTC 2025
Changes made at Sun Dec 28 14:21:55 UTC 2025
Changes made at Sun Dec 28 16:28:42 UTC 2025
Changes made at Mon Dec 29 08:35:49 UTC 2025
Changes made at Mon Dec 29 10:27:15 UTC 2025
Changes made at Mon Dec 29 14:24:48 UTC 2025
Changes made at Mon Dec 29 16:29:47 UTC 2025
Changes made at Tue Dec 30 08:33:38 UTC 2025
Changes made at Tue Dec 30 10:27:15 UTC 2025
Changes made at Tue Dec 30 14:24:03 UTC 2025
Changes made at Tue Dec 30 16:31:33 UTC 2025
Changes made at Wed Dec 31 08:33:42 UTC 2025
Changes made at Wed Dec 31 10:25:45 UTC 2025
Changes made at Wed Dec 31 14:23:36 UTC 2025
Changes made at Wed Dec 31 16:30:01 UTC 2025
Changes made at Thu Jan  1 08:33:13 UTC 2026
Changes made at Thu Jan  1 10:26:20 UTC 2026
Changes made at Thu Jan  1 14:22:57 UTC 2026
Changes made at Thu Jan  1 16:30:34 UTC 2026
Changes made at Fri Jan  2 08:33:32 UTC 2026
Changes made at Fri Jan  2 10:25:30 UTC 2026
Changes made at Fri Jan  2 14:24:10 UTC 2026
Changes made at Fri Jan  2 16:29:28 UTC 2026
Changes made at Sat Jan  3 08:30:36 UTC 2026
Changes made at Sat Jan  3 10:23:57 UTC 2026
Changes made at Sat Jan  3 14:21:37 UTC 2026
Changes made at Sat Jan  3 16:28:34 UTC 2026
Changes made at Sun Jan  4 08:31:17 UTC 2026
Changes made at Sun Jan  4 10:23:19 UTC 2026
Changes made at Sun Jan  4 14:21:02 UTC 2026
Changes made at Sun Jan  4 16:28:12 UTC 2026
Changes made at Mon Jan  5 08:38:05 UTC 2026
Changes made at Mon Jan  5 10:28:49 UTC 2026
Changes made at Mon Jan  5 14:28:00 UTC 2026
Changes made at Mon Jan  5 16:30:56 UTC 2026
Changes made at Tue Jan  6 08:35:38 UTC 2026
Changes made at Tue Jan  6 10:27:35 UTC 2026
Changes made at Tue Jan  6 14:26:28 UTC 2026
Changes made at Tue Jan  6 16:33:35 UTC 2026
Changes made at Wed Jan  7 08:35:22 UTC 2026
Changes made at Wed Jan  7 10:28:15 UTC 2026
Changes made at Wed Jan  7 14:27:27 UTC 2026
Changes made at Wed Jan  7 16:34:52 UTC 2026
Changes made at Thu Jan  8 08:35:09 UTC 2026
Changes made at Thu Jan  8 10:28:20 UTC 2026
Changes made at Thu Jan  8 14:28:37 UTC 2026
Changes made at Thu Jan  8 16:34:21 UTC 2026
Changes made at Fri Jan  9 08:35:06 UTC 2026
Changes made at Fri Jan  9 10:27:20 UTC 2026
Changes made at Fri Jan  9 14:27:33 UTC 2026
Changes made at Fri Jan  9 16:32:32 UTC 2026
Changes made at Sat Jan 10 08:30:36 UTC 2026
Changes made at Sat Jan 10 10:24:11 UTC 2026
Changes made at Sat Jan 10 14:21:51 UTC 2026
Changes made at Sat Jan 10 16:28:15 UTC 2026
Changes made at Sun Jan 11 08:30:41 UTC 2026
Changes made at Sun Jan 11 10:24:33 UTC 2026
Changes made at Sun Jan 11 14:21:37 UTC 2026
Changes made at Sun Jan 11 16:28:16 UTC 2026
Changes made at Mon Jan 12 08:36:55 UTC 2026
Changes made at Mon Jan 12 10:29:07 UTC 2026
Changes made at Mon Jan 12 14:29:01 UTC 2026
Changes made at Mon Jan 12 16:31:05 UTC 2026
Changes made at Tue Jan 13 08:35:11 UTC 2026
Changes made at Tue Jan 13 10:28:15 UTC 2026
Changes made at Tue Jan 13 14:28:46 UTC 2026
Changes made at Tue Jan 13 16:36:04 UTC 2026
Changes made at Wed Jan 14 08:34:59 UTC 2026
Changes made at Wed Jan 14 10:29:25 UTC 2026
Changes made at Wed Jan 14 14:28:40 UTC 2026
Changes made at Wed Jan 14 16:35:14 UTC 2026
Changes made at Thu Jan 15 08:35:16 UTC 2026
Changes made at Thu Jan 15 10:28:39 UTC 2026
Changes made at Thu Jan 15 14:28:14 UTC 2026
Changes made at Thu Jan 15 16:38:33 UTC 2026
Changes made at Fri Jan 16 08:34:19 UTC 2026
Changes made at Fri Jan 16 10:28:20 UTC 2026
Changes made at Fri Jan 16 14:27:06 UTC 2026
Changes made at Fri Jan 16 16:33:47 UTC 2026
Changes made at Sat Jan 17 08:30:09 UTC 2026
Changes made at Sat Jan 17 10:24:03 UTC 2026
Changes made at Sat Jan 17 14:21:34 UTC 2026
Changes made at Sat Jan 17 16:27:03 UTC 2026
Changes made at Sun Jan 18 08:30:42 UTC 2026
Changes made at Sun Jan 18 10:24:51 UTC 2026
Changes made at Sun Jan 18 14:20:49 UTC 2026
Changes made at Sun Jan 18 16:28:22 UTC 2026
Changes made at Mon Jan 19 08:37:32 UTC 2026
Changes made at Mon Jan 19 10:33:11 UTC 2026
Changes made at Mon Jan 19 14:30:54 UTC 2026
Changes made at Mon Jan 19 16:34:09 UTC 2026
Changes made at Tue Jan 20 08:36:55 UTC 2026
Changes made at Tue Jan 20 10:32:02 UTC 2026
Changes made at Tue Jan 20 14:34:26 UTC 2026
Changes made at Tue Jan 20 16:39:11 UTC 2026
Changes made at Wed Jan 21 08:36:26 UTC 2026
Changes made at Wed Jan 21 10:33:06 UTC 2026
Changes made at Wed Jan 21 14:34:41 UTC 2026
Changes made at Wed Jan 21 16:55:36 UTC 2026
Changes made at Thu Jan 22 08:36:51 UTC 2026
Changes made at Thu Jan 22 10:31:58 UTC 2026
Changes made at Thu Jan 22 14:33:45 UTC 2026
Changes made at Thu Jan 22 16:39:07 UTC 2026
Changes made at Fri Jan 23 08:34:51 UTC 2026
Changes made at Fri Jan 23 10:28:46 UTC 2026
Changes made at Fri Jan 23 14:28:39 UTC 2026
Changes made at Fri Jan 23 16:34:55 UTC 2026
Changes made at Sat Jan 24 08:30:39 UTC 2026
Changes made at Sat Jan 24 10:24:41 UTC 2026
Changes made at Sat Jan 24 14:22:32 UTC 2026
Changes made at Sat Jan 24 16:28:35 UTC 2026
Changes made at Sun Jan 25 08:31:36 UTC 2026
Changes made at Sun Jan 25 10:25:40 UTC 2026
Changes made at Sun Jan 25 14:22:14 UTC 2026
Changes made at Sun Jan 25 16:29:34 UTC 2026
Changes made at Mon Jan 26 08:37:21 UTC 2026
Changes made at Mon Jan 26 10:31:14 UTC 2026
Changes made at Mon Jan 26 14:31:46 UTC 2026
Changes made at Mon Jan 26 16:38:06 UTC 2026
Changes made at Tue Jan 27 08:37:06 UTC 2026
Changes made at Tue Jan 27 10:32:18 UTC 2026
Changes made at Tue Jan 27 14:33:53 UTC 2026
Changes made at Tue Jan 27 16:34:27 UTC 2026
Changes made at Wed Jan 28 08:37:01 UTC 2026
Changes made at Wed Jan 28 10:32:41 UTC 2026
Changes made at Wed Jan 28 14:34:23 UTC 2026
Changes made at Wed Jan 28 16:41:25 UTC 2026
Changes made at Thu Jan 29 08:45:04 UTC 2026
Changes made at Thu Jan 29 10:40:08 UTC 2026
Changes made at Thu Jan 29 14:39:27 UTC 2026
Changes made at Thu Jan 29 16:48:35 UTC 2026
Changes made at Fri Jan 30 08:43:20 UTC 2026
Changes made at Fri Jan 30 10:38:17 UTC 2026
Changes made at Fri Jan 30 14:37:33 UTC 2026
Changes made at Fri Jan 30 16:42:57 UTC 2026
Changes made at Sat Jan 31 08:34:55 UTC 2026
Changes made at Sat Jan 31 10:28:41 UTC 2026
Changes made at Sat Jan 31 14:27:35 UTC 2026
Changes made at Sat Jan 31 16:33:20 UTC 2026
Changes made at Sun Feb  1 08:36:36 UTC 2026
Changes made at Sun Feb  1 10:29:25 UTC 2026
Changes made at Sun Feb  1 14:29:34 UTC 2026
Changes made at Sun Feb  1 16:33:54 UTC 2026
Changes made at Mon Feb  2 08:50:01 UTC 2026
Changes made at Mon Feb  2 10:50:17 UTC 2026
Changes made at Mon Feb  2 14:43:35 UTC 2026
Changes made at Mon Feb  2 16:45:01 UTC 2026
Changes made at Tue Feb  3 08:41:37 UTC 2026
Changes made at Tue Feb  3 10:44:02 UTC 2026
Changes made at Tue Feb  3 14:47:37 UTC 2026
Changes made at Tue Feb  3 16:57:18 UTC 2026
Changes made at Wed Feb  4 08:48:29 UTC 2026
Changes made at Wed Feb  4 10:41:45 UTC 2026
Changes made at Wed Feb  4 14:42:27 UTC 2026
Changes made at Wed Feb  4 16:54:03 UTC 2026
Changes made at Thu Feb  5 08:49:16 UTC 2026
Changes made at Thu Feb  5 10:44:23 UTC 2026
Changes made at Thu Feb  5 14:47:09 UTC 2026
Changes made at Thu Feb  5 16:54:14 UTC 2026
Changes made at Fri Feb  6 08:49:46 UTC 2026
Changes made at Fri Feb  6 10:42:37 UTC 2026
Changes made at Fri Feb  6 14:41:07 UTC 2026
Changes made at Fri Feb  6 16:51:29 UTC 2026
Changes made at Sat Feb  7 08:36:07 UTC 2026
Changes made at Sat Feb  7 10:29:37 UTC 2026
Changes made at Sat Feb  7 14:29:53 UTC 2026
Changes made at Sat Feb  7 16:34:50 UTC 2026
Changes made at Sun Feb  8 08:36:45 UTC 2026
Changes made at Sun Feb  8 10:31:01 UTC 2026
Changes made at Sun Feb  8 14:31:38 UTC 2026
Changes made at Sun Feb  8 16:34:54 UTC 2026
Changes made at Mon Feb  9 08:57:32 UTC 2026
Changes made at Mon Feb  9 10:57:28 UTC 2026
Changes made at Mon Feb  9 14:55:12 UTC 2026
Changes made at Tue Feb 10 08:59:15 UTC 2026
Changes made at Tue Feb 10 10:55:42 UTC 2026
Changes made at Tue Feb 10 15:01:19 UTC 2026
Changes made at Tue Feb 10 17:05:06 UTC 2026
Changes made at Wed Feb 11 08:54:31 UTC 2026
Changes made at Wed Feb 11 10:53:49 UTC 2026
Changes made at Wed Feb 11 14:56:13 UTC 2026
Changes made at Wed Feb 11 17:06:53 UTC 2026
Changes made at Thu Feb 12 08:52:27 UTC 2026
Changes made at Thu Feb 12 10:51:41 UTC 2026
Changes made at Thu Feb 12 14:50:54 UTC 2026
Changes made at Thu Feb 12 17:02:09 UTC 2026
Changes made at Fri Feb 13 08:49:25 UTC 2026
Changes made at Fri Feb 13 10:42:33 UTC 2026
Changes made at Fri Feb 13 14:42:33 UTC 2026
Changes made at Fri Feb 13 16:52:32 UTC 2026
Changes made at Sat Feb 14 08:36:35 UTC 2026
Changes made at Sat Feb 14 10:30:48 UTC 2026
Changes made at Sat Feb 14 14:30:21 UTC 2026
Changes made at Sat Feb 14 16:34:54 UTC 2026
Changes made at Sun Feb 15 08:37:08 UTC 2026
Changes made at Sun Feb 15 10:30:49 UTC 2026
Changes made at Sun Feb 15 14:31:06 UTC 2026
Changes made at Sun Feb 15 16:34:59 UTC 2026
Changes made at Mon Feb 16 08:53:41 UTC 2026
Changes made at Mon Feb 16 10:52:58 UTC 2026
Changes made at Mon Feb 16 14:44:18 UTC 2026
Changes made at Mon Feb 16 16:50:58 UTC 2026
Changes made at Tue Feb 17 08:51:56 UTC 2026
Changes made at Tue Feb 17 10:50:31 UTC 2026
Changes made at Tue Feb 17 14:50:00 UTC 2026
Changes made at Tue Feb 17 17:00:39 UTC 2026
Changes made at Wed Feb 18 08:51:06 UTC 2026
Changes made at Wed Feb 18 10:50:37 UTC 2026
Changes made at Wed Feb 18 14:49:01 UTC 2026
Changes made at Wed Feb 18 17:07:50 UTC 2026
Changes made at Thu Feb 19 08:50:48 UTC 2026
Changes made at Thu Feb 19 10:49:02 UTC 2026
Changes made at Thu Feb 19 14:51:00 UTC 2026
Changes made at Thu Feb 19 16:57:18 UTC 2026
Changes made at Fri Feb 20 08:46:27 UTC 2026
Changes made at Fri Feb 20 10:40:35 UTC 2026
Changes made at Fri Feb 20 14:40:55 UTC 2026
Changes made at Fri Feb 20 16:44:01 UTC 2026
Changes made at Sat Feb 21 08:35:32 UTC 2026
Changes made at Sat Feb 21 10:29:36 UTC 2026
Changes made at Sat Feb 21 14:29:38 UTC 2026
Changes made at Sat Feb 21 16:34:00 UTC 2026
Changes made at Sun Feb 22 08:36:34 UTC 2026
Changes made at Sun Feb 22 10:29:28 UTC 2026
Changes made at Sun Feb 22 14:29:31 UTC 2026
